0.00956881,0.0338794,0.564148,0.097509,0.00241744,0.538945
0.00957157,0.0338052,0.599022,0.172109,0.00242842,0.563054
0.00957052,0.0337732,0.607871,0.248464,0.00239248,0.567131
0.00956753,0.0337552,0.595914,0.313014,0.00238179,0.558843
0.00956499,0.0337447,0.587164,0.353524,0.00238107,0.553766
0.00956323,0.0337378,0.577844,0.384506,0.00238281,0.547821
0.00956231,0.0337327,0.570442,0.40661,0.00238559,0.543049
0.00956221,0.0337291,0.564109,0.423836,0.00238729,0.538971
0.0095628,0.0337279,0.559008,0.436751,0.00238842,0.535684
0.00956387,0.03373,0.554446,0.445164,0.00238855,0.53258
0.00956539,0.033732,0.550282,0.45302,0.00238744,0.529668
0.00956718,0.0337339,0.546795,0.459631,0.00238597,0.527197
0.0095693,0.0337346,0.543679,0.465423,0.00238416,0.524957
0.00957179,0.0337333,0.541684,0.469475,0.00238224,0.5236
0.00957465,0.033732,0.539892,0.473443,0.0023804,0.522354
0.00957799,0.0337302,0.538227,0.477053,0.00237838,0.521179
0.00958158,0.0337269,0.536634,0.480355,0.00237629,0.520011
0.00958647,0.0337212,0.535485,0.485262,0.00237286,0.519337
0.00959174,0.0337168,0.53397,0.488374,0.00236888,0.518467
0.00959782,0.0337126,0.532345,0.490971,0.00236479,0.517465
0.00960472,0.0337065,0.530838,0.492426,0.00236057,0.51648
0.00961211,0.0336975,0.536888,0.480159,0.00235528,0.521949
0.00962096,0.0336911,0.539723,0.477851,0.0023498,0.524211
0.00963113,0.0336861,0.542086,0.476636,0.0023449,0.526028
0.0096412,0.0336822,0.5465,0.471751,0.00234057,0.5296
0.00965383,0.0336806,0.555838,0.453448,0.00233714,0.536431
0.00966634,0.0336803,0.55853,0.437651,0.00233654,0.537064
0.00967978,0.0336817,0.568613,0.431403,0.00233692,0.544503
0.00969429,0.0336829,0.57619,0.424652,0.00233932,0.549912
0.00970976,0.0336849,0.573149,0.439556,0.00234372,0.545769
0.00972679,0.0336884,0.575026,0.443261,0.00234901,0.545993
0.0097462,0.0336971,0.576842,0.447573,0.00235522,0.546144
0.00976764,0.0337252,0.575988,0.454274,0.00236331,0.536506
0.00979234,0.03379,0.559856,0.461386,0.002378,0.459156
0.00981955,0.0338691,0.546157,0.458527,0.00239067,0.393174
0.00985207,0.0339998,0.532018,0.454026,0.0024022,0.33742
0.00988871,0.0343309,0.506235,0.446491,0.00241487,0.260964
0.00992829,0.0350256,0.406589,0.428809,0.00242752,0.138751
0.00997363,0.0359732,0.31632,0.412239,0.00243345,0.0933657
0.0100237,0.0376211,0.256289,0.386769,0.00243834,0.069929
0.0100808,0.0428837,0.207401,0.318077,0.00244336,0.0533556
0.0101361,0.0634924,0.149869,0.152663,0.00244773,0.0368661
0.0101887,0.13112,0.115932,0.0596046,0.00246357,0.0277114
0.0102369,0.299408,0.0917639,0.0274684,0.00250709,0.0216009
0.0102817,0.549838,0.072174,0.0142754,0.00258219,0.0167604
0.0103162,0.624159,0.0540943,0.00863002,0.00265858,0.0124483
0.0103478,0.645607,0.0431845,0.00619391,0.00271597,0.00989454
0.0103698,0.665935,0.0360326,0.00511421,0.00275037,0.00825265
0.0103866,0.646511,0.0317989,0.00445397,0.00277065,0.00728175
0.0104011,0.608362,0.0307077,0.00395592,0.00278803,0.00703109
0.0104157,0.590334,0.0299789,0.0036678,0.0027888,0.00685462
0.0104306,0.515937,0.0295477,0.0035566,0.00277426,0.00674672
0.0104454,0.373668,0.0303272,0.00359934,0.00274988,0.00693777
0.0104553,0.246907,0.0350497,0.00391309,0.00272652,0.00807075
0.0104567,0.175069,0.0417038,0.00443358,0.00268608,0.00968505
0.0104487,0.137264,0.0516955,0.00508249,0.00263741,0.012059
0.0104306,0.118705,0.0636625,0.00582805,0.0025807,0.0148535
0.0103987,0.106656,0.069474,0.00657792,0.00250605,0.016225
0.0103549,0.090816,0.0770621,0.00737505,0.00242939,0.0180084
0.0102974,0.0739119,0.0867357,0.00826371,0.00234399,0.0203259
0.010225,0.0580709,0.103925,0.00920842,0.00225706,0.0242118
0.0101473,0.048389,0.144061,0.0105137,0.00217748,0.0318502
0.0100446,0.0415135,0.222558,0.0140175,0.00208833,0.0439997
0.00993158,0.0371667,0.409805,0.0244803,0.00200158,0.0664925
0.00983235,0.0350997,0.949719,0.288686,0.00192523,0.0741866
0.00976348,0.0344218,0.867851,0.323775,0.00186227,0.177648
0.00970943,0.0340161,0.82135,0.480681,0.00181403,0.273465
0.00966175,0.0337727,0.818621,0.558613,0.00176565,0.550049
0.00961688,0.0336723,0.827886,0.585217,0.0017113,0.748288
0.00957424,0.0336351,0.799253,0.561955,0.0016835,0.723126
0.00954058,0.0336087,0.753859,0.553236,0.0016611,0.680931
0.00951219,0.0335904,0.704791,0.546984,0.00164047,0.639953
0.00948867,0.0335805,0.65746,0.542127,0.00162557,0.599664
0.00947009,0.0335761,0.614924,0.536915,0.00162155,0.564511
0.00945629,0.033573,0.591204,0.53034,0.00161904,0.548118
0.00944445,0.033571,0.573562,0.524604,0.00161784,0.538238
0.00943508,0.0335698,0.556598,0.522032,0.00161759,0.527858
0.0094277,0.0335692,0.544359,0.520885,0.00161852,0.521459
0.00942149,0.0335687,0.535148,0.51795,0.00161904,0.516819
0.00941648,0.0335683,0.527992,0.515184,0.00161926,0.513272
0.00941272,0.033568,0.522758,0.512636,0.00161921,0.510766
0.00940936,0.0335678,0.518464,0.509907,0.00161894,0.508807
0.00940684,0.0335676,0.514421,0.508957,0.00161858,0.506738
0.00940483,0.0335674,0.511743,0.507444,0.00161827,0.505471
0.00940294,0.0335672,0.509018,0.506352,0.00161796,0.504171
0.00940165,0.0335671,0.507325,0.505139,0.00161767,0.503395
0.00940046,0.033567,0.505969,0.503936,0.00161733,0.502776
0.00939946,0.0335669,0.504934,0.502936,0.00161703,0.502311
0.0093986,0.0335668,0.504108,0.502145,0.0016168,0.501931
0.00939783,0.0335667,0.503369,0.501592,0.00161664,0.501573
0.00939715,0.0335667,0.502723,0.501225,0.00161652,0.501259
0.00939653,0.0335666,0.502184,0.500925,0.00161641,0.500995
0.00939597,0.0335666,0.501769,0.500655,0.0016163,0.500803
0.00939541,0.0335665,0.501459,0.500299,0.00161614,0.50067
0.00939491,0.0335664,0.501182,0.499862,0.00161597,0.500544
0.00939445,0.0335664,0.50058,0.499663,0.00161598,0.500269
