0.00930245,0.0336274,0.64769,0.100191,0.0023518,0.496609
0.00930528,0.0335379,0.697413,0.186671,0.00237545,0.49602
0.00930514,0.0334923,0.697782,0.278558,0.0023419,0.496346
0.00930355,0.033471,0.677133,0.338415,0.00232423,0.496706
0.00930184,0.0334589,0.65426,0.377253,0.0023178,0.496982
0.00930087,0.033451,0.634663,0.402655,0.00231709,0.497168
0.00930061,0.0334449,0.618773,0.421095,0.00231833,0.497307
0.00930109,0.0334408,0.606382,0.434891,0.00231958,0.497412
0.00930221,0.03344,0.596876,0.445325,0.00232051,0.497497
0.00930381,0.0334437,0.587992,0.452136,0.00232072,0.497604
0.00930568,0.0334471,0.580759,0.458214,0.00232008,0.49769
0.00930789,0.0334501,0.574259,0.46368,0.00231911,0.497772
0.00931053,0.0334515,0.568456,0.468497,0.00231783,0.497844
0.00931352,0.0334497,0.564926,0.472005,0.00231643,0.497872
0.00931693,0.033448,0.561765,0.475477,0.0023151,0.497894
0.00932078,0.0334454,0.558804,0.478636,0.0023136,0.497912
0.00932492,0.0334405,0.555931,0.481576,0.00231201,0.497924
0.0093305,0.0334323,0.554333,0.485952,0.00230922,0.49794
0.00933644,0.0334259,0.551482,0.488548,0.00230584,0.497983
0.00934323,0.0334193,0.549035,0.490895,0.00230234,0.498017
0.00935091,0.0334102,0.547285,0.492261,0.00229874,0.498039
0.00935905,0.0333975,0.558661,0.481973,0.00229417,0.497886
0.00936869,0.0333885,0.564502,0.479889,0.00228943,0.497757
0.00937979,0.0333812,0.569683,0.478665,0.00228496,0.497637
0.00939107,0.0333741,0.57745,0.475681,0.00228154,0.497479
0.00940486,0.0333706,0.581218,0.453982,0.00227834,0.497149
0.00941884,0.0333725,0.594589,0.443965,0.00227802,0.496793
0.00943366,0.0333756,0.610744,0.436322,0.00227879,0.49642
0.00944964,0.0333803,0.632659,0.434623,0.00228185,0.496022
0.00946623,0.0333845,0.63612,0.448801,0.00228594,0.495852
0.00948515,0.0333903,0.638645,0.452548,0.00229124,0.495687
0.00950654,0.0334044,0.641931,0.456264,0.00229745,0.495497
0.00952919,0.0334427,0.64276,0.459995,0.0023051,0.488868
0.00955612,0.0335234,0.619562,0.46698,0.0023205,0.435236
0.0095865,0.033629,0.603895,0.464703,0.00233359,0.385881
0.00961889,0.0337983,0.589852,0.460226,0.00234505,0.340864
0.00965955,0.0342245,0.564565,0.452656,0.00235793,0.272203
0.00970154,0.035013,0.468215,0.434476,0.00237009,0.144428
0.00975112,0.0360298,0.378433,0.418174,0.00237554,0.0951768
0.00980437,0.0380406,0.309147,0.392391,0.00237989,0.0699969
0.00986673,0.0446623,0.250462,0.326091,0.00238505,0.0523063
0.00992885,0.0810232,0.178614,0.137256,0.00239165,0.0355543
0.00997716,0.360387,0.12336,0.021112,0.00243706,0.0263274
0.0100239,0.775684,0.0921569,0.00867136,0.00256715,0.0196785
0.0100641,0.750998,0.0699171,0.00483225,0.00268197,0.0149127
0.0100975,0.736396,0.0522866,0.00343271,0.0027459,0.0112064
0.0101279,0.71562,0.0416446,0.0027515,0.00278737,0.00896424
0.0101508,0.684958,0.0346374,0.00237357,0.00281332,0.00748864
0.0101709,0.63024,0.0305607,0.00216673,0.00282541,0.0066241
0.0101934,0.555747,0.0296288,0.00200708,0.0028387,0.00641159
0.0102167,0.503476,0.0289636,0.00194044,0.0028362,0.0062555
0.0102449,0.440684,0.0285326,0.00193401,0.00282206,0.00614551
0.0102764,0.345247,0.0293585,0.00200016,0.00280434,0.00630724
0.0103048,0.257296,0.0340955,0.00216184,0.00279666,0.00730811
0.0103266,0.200697,0.040665,0.00240053,0.00277649,0.00871315
0.0103392,0.165255,0.0505589,0.00271059,0.00274667,0.0107682
0.0103432,0.146294,0.0622426,0.00305722,0.00270743,0.0131223
0.0103393,0.131654,0.0669959,0.00345475,0.00264584,0.0141049
0.0103287,0.112217,0.0725894,0.00390993,0.00258135,0.0152299
0.0103075,0.0909419,0.0800772,0.00449537,0.00250814,0.0166796
0.0102774,0.0735342,0.0929079,0.00517767,0.00243473,0.0189917
0.0102295,0.0595832,0.137888,0.00617722,0.00236584,0.0248365
0.0101573,0.0504726,0.231631,0.00779025,0.00229895,0.0314523
0.0100547,0.0451687,0.988381,0.535219,0.00224491,0.0468955
0.00995667,0.0406672,0.989351,0.57105,0.00217365,0.061493
0.00985409,0.0375572,0.989101,0.576053,0.00209243,0.0814119
0.00975281,0.035533,0.987819,0.580562,0.00201348,0.11488
0.00966333,0.0344662,0.987712,0.586983,0.00193854,0.171957
0.00957223,0.0338862,0.98627,0.589893,0.00186707,0.25248
0.00948784,0.0335934,0.984973,0.583053,0.00180418,0.313719
0.00940622,0.033405,0.983083,0.576343,0.00174571,0.380984
0.0093369,0.0333058,0.977048,0.566882,0.00169218,0.435809
0.00927746,0.0332557,0.972867,0.551515,0.00164375,0.471752
0.00923292,0.0332371,0.95276,0.52332,0.00160334,0.489748
0.00920207,0.0332269,0.826779,0.473969,0.00157206,0.500494
0.00918446,0.0332227,0.650218,0.494425,0.00156244,0.500729
0.0091734,0.0332212,0.601743,0.506417,0.00156326,0.499659
0.00916499,0.0332203,0.571504,0.510372,0.00156508,0.499775
0.00915867,0.0332196,0.554339,0.510103,0.00156632,0.499831
0.00915295,0.0332189,0.542187,0.509066,0.00156699,0.499869
0.00914852,0.0332184,0.532343,0.508381,0.00156727,0.499901
0.00914528,0.0332181,0.52597,0.507289,0.00156718,0.499921
0.00914237,0.0332177,0.520024,0.50642,0.00156698,0.499943
0.00914022,0.0332174,0.515834,0.505533,0.00156678,0.499954
0.00913842,0.0332172,0.512386,0.504789,0.00156654,0.499967
0.00913704,0.033217,0.509949,0.503918,0.00156631,0.49998
0.00913591,0.0332169,0.508322,0.50294,0.00156603,0.49999
0.00913483,0.0332167,0.50688,0.502137,0.00156574,0.499998
0.00913387,0.0332166,0.505693,0.501517,0.00156551,0.500004
0.00913306,0.0332165,0.504666,0.501103,0.00156536,0.500009
0.00913232,0.0332164,0.503763,0.500845,0.00156524,0.500014
0.00913166,0.0332163,0.50301,0.500636,0.00156514,0.500018
0.00913109,0.0332162,0.502442,0.500424,0.00156503,0.500024
0.00913046,0.0332161,0.50201,0.5001,0.00156485,0.500031
0.00912991,0.033216,0.501659,0.499696,0.00156463,0.500037
0.00912943,0.033216,0.501048,0.499611,0.00156447,0.500034
