754.999,754.999,18.5,18.5,20.5,18.5,18.5,18.5,18.5,18.5,18.5,15.476,12.4521,9.4281,6.40413,1907.35,1907.35,18.5,18.5,18.5,18.5,20.5,1000,95283,251070,55338,3097.8,0
789.148,785.121,15.0617,14.3515,15.2331,12.2688,12.1105,14.8375,18.1365,18.3726,18.0458,15.586,12.4877,9.43687,6.40849,1606.54,1552.27,15.005,18.331,18.1898,14.6633,20.4612,791.116,95288.2,251070,55442,3097.97,0.0104167
795.981,788.605,13.6837,12.9928,13.8692,11.3085,11.1997,13.2229,17.5457,18.0318,17.6365,15.6471,12.5241,9.44579,6.41284,1449.1,1409.11,13.6431,17.9774,17.5219,13.3438,20.3988,674.287,95279.8,251060,55498.1,3098.13,0.0208333
791.492,782.613,13.0535,12.3984,13.2333,10.9384,10.8509,12.554,17.0154,17.6258,17.2377,15.667,12.5603,9.45486,6.4172,1388.16,1356.36,13.0203,17.575,16.8092,12.7495,20.3274,597.317,95265.8,251045,55533.4,3098.27,0.03125
785.657,776.705,12.7136,12.1099,12.8872,10.7898,10.7131,12.23,16.57,17.213,16.8659,15.6527,12.5955,9.46406,6.42157,1363.19,1336.11,12.6843,17.1684,16.148,12.4357,20.2518,540.937,95248.9,251028,55558,3098.4,0.0416667
781.849,773.034,12.5158,11.9572,12.6783,10.7282,10.658,12.0506,16.1958,16.8174,16.5301,15.6113,12.6289,9.4734,6.42593,1352.07,1327.56,12.4883,16.7753,15.5651,12.2546,20.1743,496.779,95230.3,251010,55576.3,3098.53,0.0520833
779.554,770.848,12.3751,11.8549,12.5312,10.6939,10.6273,11.9306,15.8766,16.4474,16.2308,15.5493,12.66,9.48285,6.43031,1347.77,1325.42,12.3491,16.4019,15.0605,12.1276,20.0958,460.636,95210.7,250991,55590.5,3098.67,0.0625
778.101,769.404,12.2722,11.7852,12.4216,10.6782,10.6143,11.8451,15.6008,16.1056,15.9644,15.4723,12.6887,9.4924,6.43468,1346.13,1325.47,12.2471,16.0505,14.6267,12.0352,20.0168,430.129,95190.4,250971,55601.9,3098.8,0.0729167
777.074,768.331,12.1931,11.7356,12.3364,10.6735,10.6117,11.7813,15.3598,15.792,15.7265,15.3848,12.7146,9.50204,6.43906,1345.92,1326.71,12.1687,15.7216,14.2548,11.9648,19.9377,403.79,95169.7,250951,55611.2,3098.92,0.0833333
776.328,767.507,12.1319,11.7004,12.2693,10.6761,10.616,11.7326,15.1474,15.5055,15.5129,15.2903,12.7377,9.51176,6.44344,1346.6,1328.65,12.1079,15.4152,13.9362,11.9105,19.8586,380.65,95148.7,250931,55618.9,3099.05,0.09375
776.332,767.455,12.0862,11.6816,12.2118,10.6711,10.6121,11.692,14.9585,15.2448,15.3201,15.1915,12.7579,9.52152,6.44783,1345.75,1328.48,12.0613,15.1308,13.6635,11.8655,19.7796,360.043,95127.5,250910,55625.3,3099.18,0.104167
776.492,767.505,12.0469,11.6667,12.1614,10.6678,10.6098,11.6564,14.7889,15.0076,15.1448,15.0904,12.7752,9.53132,6.45222,1345,1328.38,12.0211,14.8673,13.4291,11.8263,19.701,341.491,95106.1,250890,55630.7,3099.31,0.114583
776.732,767.619,12.0136,11.6556,12.118,10.6661,10.6091,11.6263,14.6354,14.7919,14.9845,14.9887,12.7898,9.54114,6.45661,1344.47,1328.42,11.9869,14.6233,13.2271,11.7927,19.6226,324.639,95084.7,250869,55635.3,3099.43,0.125
777.004,767.76,11.9843,11.6462,12.0796,10.6651,10.6088,11.6003,14.4955,14.5955,14.837,14.8874,12.8017,9.55097,6.46101,1344.1,1328.58,11.9568,14.3976,13.0525,11.763,19.5447,309.214,95063.2,250848,55639.2,3099.56,0.135417
776.945,767.568,11.9469,11.6219,12.0393,10.6575,10.6018,11.5699,14.3664,14.416,14.7005,14.7875,12.8111,9.56078,6.46542,1344.31,1329.5,11.9195,14.1882,12.9002,11.7281,19.4671,295.01,95041.8,250828,55642.5,3099.69,0.145833
776.838,767.35,11.9128,11.5999,12.0027,10.651,10.5957,11.5417,14.2467,14.2516,14.5732,14.6895,12.818,9.57057,6.46982,1344.64,1330.52,11.8855,13.9938,12.7665,11.6962,19.3899,281.859,95020.3,250807,55645.3,3099.81,0.15625
776.733,767.141,11.8822,11.5804,11.97,10.6458,10.5909,11.5167,14.1352,14.1007,14.4542,14.5938,12.8225,9.58032,6.47423,1345.1,1331.64,11.855,13.8133,12.6488,11.6676,19.3132,269.625,94998.9,250786,55647.6,3099.94,0.166667
776.604,766.904,11.8552,11.5641,11.9409,10.6432,10.5888,11.4956,14.0312,13.9623,14.3424,14.5006,12.8249,9.59002,6.47865,1345.63,1332.79,11.8282,13.6459,12.5449,11.6426,19.237,258.194,94977.6,250765,55649.6,3100.06,0.177083
775.763,765.711,11.8535,11.5793,11.93,10.6839,10.6319,11.5005,13.9355,13.8365,14.2374,14.4103,12.8253,9.59965,6.48307,1346.02,1333.39,11.8266,13.492,12.4549,11.6443,19.1613,247.465,94956.3,250745,55651.3,3100.18,0.1875
774.966,764.642,11.8574,11.5997,11.9245,10.7257,10.6759,11.5117,13.8473,13.7227,14.139,14.3228,12.8237,9.60921,6.48749,1346.63,1334.1,11.8304,13.3516,12.3781,11.6509,19.0864,237.353,94935,250724,55652.6,3100.31,0.197917
774.303,763.695,11.8657,11.6244,11.9231,10.7694,10.7218,11.5267,13.7658,13.62,14.047,14.2383,12.8203,9.61869,6.49192,1347.38,1334.88,11.8385,13.2238,12.3129,11.6612,19.0122,227.792,94913.9,250703,55653.7,3100.43,0.208333
773.736,762.868,11.8689,11.6419,11.9176,10.8038,10.7582,11.5371,13.6897,13.5271,13.9607,14.1569,12.8153,9.62808,6.49635,1347.44,1334.84,11.8416,13.1075,12.2572,11.6664,18.9387,218.732,94892.8,250683,55654.6,3100.56,0.21875
773.034,762.447,11.7448,11.5006,11.7982,10.6743,10.63,11.4303,13.6084,13.4358,13.878,14.0785,12.8088,9.63736,6.50078,1334.32,1320.32,11.7191,12.9938,12.1979,11.5486,18.8652,210.184,94871.8,250662,55655.3,3100.68,0.229167
772.538,762.071,11.6078,11.3551,11.6639,10.5427,10.4999,11.2991,13.5211,13.3413,13.7953,14.0028,12.8008,9.64653,6.50522,1320.01,1305.57,11.5833,12.8784,12.1278,11.4166,18.7912,202.148,94850.9,250642,55655.7,3100.8,0.239583
772.189,761.818,11.4677,11.2075,11.5262,10.4088,10.3676,11.1635,13.4303,13.2434,13.7116,13.9294,12.7915,9.65559,6.50966,1305.59,1290.79,11.4443,12.761,12.0475,11.2812,18.7164,194.592,94830.2,250621,55655.8,3100.92,0.25
772.091,761.843,11.3124,11.0408,11.3752,10.2517,10.2115,11.0123,13.3362,13.1414,13.6265,13.8578,12.781,9.66453,6.51411,1290.17,1274.97,11.2902,12.6405,11.9568,11.1301,18.6409,187.491,94809.5,250601,55655.7,3101.04,0.260417
772.888,763.327,11.0012,10.681,11.0919,9.86986,9.82626,10.7092,13.2276,13.0263,13.5381,13.7874,12.7694,9.67334,6.51855,1263.79,1248.06,10.9815,12.5076,11.8418,10.8215,18.5638,180.902,94788.9,250581,55655.3,3101.16,0.270833
773.962,764.862,10.6818,10.3263,10.7965,9.49189,9.4453,10.3827,13.1056,12.8946,13.443,13.7178,12.7566,9.68202,6.523,1237.05,1221.49,10.6636,12.3589,11.6975,10.5019,18.4844,174.858,94768.4,250561,55654.6,3101.27,0.28125
775.162,766.278,10.3633,9.96995,10.5003,9.11219,9.0628,10.0519,12.9743,12.7475,13.3407,13.648,12.7428,9.69055,6.52745,1210.84,1195.18,10.3466,12.1957,11.5278,10.1822,18.4029,169.348,94748.1,250540,55653.5,3101.38,0.291667
776.375,767.646,10.0645,9.64103,10.2193,8.75011,8.6976,9.7367,12.8372,12.5877,13.2322,13.5776,12.728,9.69895,6.5319,1186.65,1171,10.0485,12.0205,11.3384,9.87926,18.3192,164.341,94727.9,250520,55652.2,3101.49,0.302083
776.878,768.133,9.88593,9.46873,10.039,8.48752,8.42903,9.51867,12.7048,12.424,13.1201,13.5061,12.7122,9.7072,6.53636,1172.67,1157.87,9.86577,11.842,11.1452,9.6808,18.2341,159.739,94707.8,250501,55650.6,3101.6,0.3125
777.487,768.757,9.7216,9.30314,9.87375,8.22943,8.16461,9.32182,12.5778,12.261,13.0078,13.4334,12.6954,9.7153,6.54082,1159.92,1145.27,9.6976,11.6644,10.9561,9.49684,18.1481,155.467,94687.8,250481,55648.9,3101.7,0.322917
778.101,769.393,9.55821,9.13754,9.70987,7.9709,7.8996,9.12737,12.4539,12.0994,12.8966,13.3597,12.6776,9.72324,6.54527,1147.31,1132.74,9.53046,11.488,10.7713,9.31408,18.0614,151.5,94668,250461,55647,3101.8,0.333333
778.516,769.897,9.41088,8.99614,9.56036,7.76321,7.68756,8.95849,12.3334,11.94,12.787,13.2853,12.6588,9.73102,6.54973,1136.02,1121.69,9.38036,11.3137,10.5918,9.15386,17.9739,147.855,94648.3,250441,55644.9,3101.9,0.34375
777.872,769.791,9.35363,8.99013,9.49085,7.84971,7.78235,8.93454,12.224,11.7887,12.6803,13.2103,12.639,9.73863,6.55419,1132.36,1119.03,9.32597,11.1469,10.426,9.12109,17.8863,144.872,94628.8,250422,55642.8,3102,0.354167
777.385,769.745,9.31806,8.9907,9.4428,7.93855,7.87878,8.93634,12.126,11.6489,12.5793,13.1352,12.6183,9.74608,6.55865,1129.87,1116.73,9.2931,10.9907,10.2788,9.10707,17.799,142.568,94609.3,250403,55640.6,3102.1,0.364583
777.049,769.725,9.29181,8.99288,9.40436,8.0302,7.97782,8.94648,12.0367,11.5206,12.4844,13.0604,12.5967,9.75335,6.56312,1127.69,1114.52,9.26955,10.8455,10.1492,9.10093,17.7121,140.989,94590.1,250383,55638.4,3102.2,0.375
776.663,769.771,9.26406,8.99689,9.36105,8.11104,8.06529,8.95437,11.9546,11.4026,12.3956,12.9865,12.5742,9.76045,6.56758,1125.11,1111.67,9.24338,10.7104,10.0341,9.08908,17.6258,140.764,94570.9,250364,55636.1,3102.29,0.385417
775.741,769.861,9.2286,9.01128,9.2971,8.14457,8.10271,8.94555,11.8813,11.2931,12.3128,12.9137,12.5509,9.76737,6.57204,1119.28,1105.03,9.20322,10.5842,9.92927,9.04297,17.5397,145.626,94551.9,250345,55633.8,3102.39,0.395833
775.235,769.911,9.21465,9.0259,9.26245,8.17659,8.13835,8.9422,11.8158,11.1923,12.2361,12.8424,12.5268,9.77411,6.5765,1113.02,1098,9.18507,10.4672,9.8356,9.01322,17.4541,155.673,94533.1,250326,55631.6,3102.49,0.40625
775.356,770.276,9.21709,9.04562,9.24848,8.21313,8.17814,8.94754,11.7585,11.101,12.1654,12.773,12.502,9.78066,6.58096,1107.41,1091.32,9.1847,10.3601,9.75412,9.00495,17.3692,170.889,94514.5,250307,55629.4,3102.59,0.416667
777.786,772.667,9.24928,9.08817,9.27772,8.27136,8.23805,8.97069,11.7124,11.0206,12.1015,12.7056,12.4766,9.78702,6.58542,1106.05,1089.35,9.21506,10.264,9.68743,9.0262,17.2853,192.409,94496.1,250289,55627.4,3102.68,0.427083
792.826,787.421,9.41549,9.25874,9.48874,8.41361,8.37641,9.04735,11.6936,10.9587,12.0479,12.6408,12.4507,9.7932,6.58988,1124.82,1110.56,9.37799,10.1856,9.64975,9.13664,17.2038,225.539,94478,250271,55625.7,3102.78,0.4375
843.635,836.269,9.68584,9.53572,9.79829,8.62237,8.57776,9.18149,11.7043,10.9232,12.0098,12.5792,12.4242,9.79918,6.59434,1151.97,1140,9.64262,10.1332,9.65159,9.3229,17.1258,270.092,94460.3,250253,55624.7,3102.88,0.447917
977.309,964.572,9.97168,9.82315,10.1145,8.83728,8.78597,9.35173,11.7396,10.9152,11.9894,12.5219,12.3974,9.80497,6.5988,1177,1165.79,9.92255,10.1092,9.69261,9.53947,17.0519,326.87,94443.1,250235,55624.7,3102.98,0.458333
1219.34,1198.49,10.2758,10.1259,10.4512,9.08059,9.02428,9.53996,11.7974,10.9327,11.987,12.4699,12.3703,9.81057,6.60325,1201.3,1190.17,10.2219,10.1126,9.77328,9.77012,16.9822,399,94426.8,250218,55626.7,3103.09,0.46875
1428.22,1402.55,10.6751,10.5208,10.9009,9.44127,9.38219,9.7488,11.8899,10.9777,12.0043,12.4241,12.3431,9.81598,6.6077,1231.84,1220.42,10.6185,10.1466,9.90133,10.0411,16.9175,492.376,94411.8,250202,55632.3,3103.2,0.479167
1583.4,1555.02,11.109,10.947,11.3817,9.81942,9.75665,9.98197,12.0115,11.0491,12.0437,12.3855,12.3159,9.8212,6.61215,1265.42,1253.33,11.0486,10.2137,10.08,10.3499,16.8582,599.655,94399.3,250188,55644.9,3103.32,0.489583
1700.78,1670.64,11.5607,11.3897,11.8785,10.2084,10.1416,10.2343,12.1569,11.1451,12.1045,12.355,12.2889,9.82623,6.6166,1300.98,1288.07,11.4962,10.3131,10.3066,10.6845,16.8047,710.28,94390.5,250177,55669.7,3103.44,0.5
1768.01,1737.42,11.9741,11.794,12.3258,10.5552,10.4837,10.4999,12.3132,11.266,12.1833,12.3334,12.2623,9.83108,6.62105,1334.7,1320.9,11.9052,10.4409,10.5704,11.0262,16.7565,809.012,94387,250170,55711.7,3103.57,0.510417
1787.61,1756.95,12.2224,12.0348,12.5797,10.7397,10.6632,10.7644,12.4518,11.4018,12.2713,12.3207,12.2362,9.83575,6.62549,1356.7,1342.04,12.1489,10.5849,10.8436,11.3319,16.7121,879.3,94388.7,250167,55771.1,3103.7,0.520833
1786.04,1755.44,12.4083,12.2153,12.7733,10.8864,10.8068,11.0084,12.5768,11.5432,12.3601,12.3161,12.2109,9.84024,6.62992,1372.88,1357.63,12.3323,10.7348,11.1076,11.5806,16.6705,927.668,94394.4,250168,55844.3,3103.83,0.53125
1735.35,1706.32,12.5644,12.3668,12.937,11.0153,10.9335,11.2303,12.692,11.6863,12.4468,12.3187,12.1865,9.84457,6.63436,1386.58,1370.83,12.4869,10.8863,11.357,11.7854,16.6311,960.872,94403,250170,55927.7,3103.97,0.541667
1612.7,1587.5,12.6274,12.4267,12.9939,11.0545,10.9703,11.4268,12.7863,11.8247,12.5279,12.3271,12.1631,9.84873,6.63879,1393.83,1377.68,12.5484,11.0336,11.5814,11.9415,16.5931,977.765,94413.4,250174,56016.8,3104.1,0.552083
1456.66,1435.94,12.4405,12.2405,12.7646,10.8484,10.761,11.5719,12.8251,11.9428,12.5935,12.3399,12.1408,9.85274,6.64321,1382.35,1366.21,12.3604,11.161,11.7509,11.9907,16.5541,967.958,94423.7,250178,56105.1,3104.23,0.5625
1311.5,1294.56,12.1624,11.9667,12.447,10.5906,10.5035,11.6312,12.8175,12.032,12.6346,12.3547,12.1196,9.8566,6.64764,1361.73,1346.1,12.0845,11.2568,11.8528,11.9067,16.5126,942.886,94432.3,250181,56186.3,3104.36,0.572917
1194.59,1180.53,11.8415,11.652,12.087,10.3099,10.2248,11.6007,12.7716,12.0938,12.6489,12.369,12.0995,9.86032,6.65205,1337.23,1322.37,11.7675,11.3183,11.8933,11.7008,16.468,909.257,94438.6,250182,56257.3,3104.49,0.583333
1107.49,1095.56,11.5516,11.3676,11.7669,10.0646,9.98251,11.4902,12.7042,12.1283,12.6393,12.3808,12.0804,9.86392,6.65647,1314.2,1300.11,11.4817,11.3486,11.8854,11.4227,16.4205,875.22,94442.2,250181,56317.7,3104.62,0.59375
1042.14,1032.03,11.3864,11.2047,11.5977,9.93172,9.85257,11.3479,12.6441,12.1421,12.6146,12.3887,12.0622,9.86738,6.66087,1299.26,1285.57,11.3196,11.3578,11.8478,11.1893,16.3713,851.492,94443.8,250178,56369.9,3104.74,0.604167
989.423,980.897,11.2591,11.0779,11.4652,9.82123,9.74375,11.1963,12.5882,12.1419,12.5833,12.3924,12.0448,9.87073,6.66528,1288.12,1274.61,11.194,11.3539,11.7942,11.0096,16.321,833.775,94443.8,250174,56416.4,3104.86,0.614583
944.791,937.678,11.1445,10.9629,11.3452,9.71854,9.64232,11.0432,12.5337,12.1305,12.5487,12.392,12.0281,9.87396,6.66967,1278.33,1264.9,11.0808,11.3401,11.73,10.8663,16.2699,819.791,94442.6,250169,56458.6,3104.98,0.625
907.003,901.192,10.9596,10.7725,11.1502,9.46245,9.38132,10.8531,12.4705,12.1058,12.5106,12.3878,12.012,9.87709,6.67406,1262.72,1248.99,10.8931,11.3141,11.6508,10.6801,16.2177,806.649,94440.5,250164,56496.6,3105.09,0.635417
878.457,873.628,10.5871,10.3835,10.7579,8.85553,8.75756,10.5039,12.3783,12.0567,12.4636,12.3799,11.9962,9.88011,6.67845,1231.29,1216.59,10.5113,11.2651,11.5358,10.3047,16.1627,790.997,94437.4,250157,56529,3105.21,0.645833
856.587,852.191,10.147,9.92272,10.2991,8.21473,8.10404,9.94871,12.2565,11.9751,12.4013,12.3676,11.9809,9.88302,6.68283,1194.11,1178.39,10.0678,11.1848,11.3717,9.81956,16.1039,774.392,94433.2,250150,56554.8,3105.32,0.65625
838.403,833.442,9.68225,9.40835,9.81993,7.54306,7.42372,9.24257,12.1107,11.86,12.3215,12.3502,11.9657,9.88584,6.68721,1155.48,1136.8,9.60959,11.0725,11.1592,9.3355,16.0409,756.318,94428.1,250142,56573.9,3105.42,0.666667
800.278,779.26,9.40252,8.7157,9.49903,6.78623,6.67618,8.64174,11.9616,11.7243,12.2271,12.3267,11.9506,9.88856,6.69158,1125.29,1069.94,9.35909,10.9403,10.9224,9.10555,15.9746,735.174,94421.8,250134,56587.7,3105.52,0.677083
786.111,774.137,9.08032,8.58534,9.15164,6.57779,6.4634,8.35776,11.8067,11.5688,12.1229,12.2971,11.9355,9.89118,6.69594,1097.54,1057.54,9.03169,10.7905,10.6667,8.75803,15.9053,715.247,94414.4,250124,56597.1,3105.62,0.6875
780.644,770.059,8.87204,8.46055,8.90687,6.35703,6.23796,8.13554,11.6554,11.4036,12.0122,12.2614,11.9201,9.8937,6.7003,1078.05,1042.58,8.81584,10.6321,10.4091,8.51482,15.8337,695.429,94406.2,250114,56603.6,3105.71,0.697917
782.36,769.071,8.77861,8.3285,8.79029,6.14884,6.02501,7.98375,11.5159,11.2404,11.9,12.22,11.9045,9.89613,6.70465,1068.27,1028.8,8.71673,10.4763,10.1708,8.37824,15.7613,672.801,94397,250103,56608.2,3105.8,0.708333
787.562,768.862,8.74177,8.16641,8.74703,5.92189,5.79343,7.86511,11.3934,11.0868,11.7914,12.1737,11.8884,9.89845,6.70899,1062.23,1013.65,8.67306,10.3293,9.96219,8.29019,15.6889,650.186,94386.9,250091,56611.7,3105.89,0.71875
787.567,770.403,8.53224,7.98144,8.5408,5.69416,5.56273,7.66284,11.2725,10.9342,11.6873,12.1236,11.8718,9.90068,6.71333,1044.29,999.622,8.46166,10.1814,9.76255,8.07355,15.6157,630.788,94376.1,250079,56613.9,3105.98,0.729167
786.08,771.535,8.28759,7.79487,8.29796,5.46219,5.32789,7.43358,11.1456,10.7754,11.5837,12.0703,11.8546,9.9028,6.71766,1023.14,985.183,8.21411,10.026,9.55783,7.81986,15.5409,614.176,94364.7,250066,56614.9,3106.07,0.739583
784.89,772.51,8.04923,7.60567,8.06283,5.22786,5.09079,7.20693,11.0151,10.6104,11.4784,12.0141,11.8367,9.90481,6.72198,1002.13,970.262,7.97187,9.86326,9.34786,7.56516,15.4644,599.578,94352.9,250053,56614.9,3106.16,0.75
784.289,773.644,7.80772,7.39471,7.83211,4.97544,4.8348,6.97482,10.8831,10.44,11.3711,11.9553,11.8182,9.90672,6.7263,982.867,956.294,7.72679,9.69369,9.13393,7.3087,15.3863,586.592,94340.6,250040,56614.2,3106.24,0.760417
784.39,775.127,7.54631,7.14601,7.58823,4.69193,4.5464,6.72102,10.7488,10.2636,11.2617,11.8939,11.799,9.90851,6.73061,966.884,944.248,7.46256,9.51662,8.91482,7.0336,15.3065,575.201,94328,250027,56613,3106.32,0.770833
785.236,776.736,7.29695,6.89305,7.35784,4.402,4.25181,6.4693,10.6135,10.0824,11.1503,11.8301,11.7791,9.91019,6.73491,952.007,931.713,7.21163,9.33312,8.69252,6.77405,15.2251,565.064,94315.2,250013,56611.3,3106.4,0.78125
786.468,778.515,7.05139,6.63923,7.13147,4.10812,3.9533,6.21907,10.4774,9.89757,11.0373,11.764,11.7583,9.91175,6.73921,937.346,918.792,6.96484,9.14431,8.46865,6.51914,15.1422,555.94,94302.1,249999,56609.4,3106.47,0.791667
787.626,780.071,6.82958,6.41564,6.92473,3.85591,3.69751,5.99392,10.3423,9.71094,10.9231,11.6958,11.7368,9.91318,6.7435,924.952,907.951,6.74186,8.95203,8.24569,6.28936,15.058,547.717,94288.8,249985,56607.2,3106.55,0.802083
788.433,781.072,6.65079,6.23954,6.75523,3.67224,3.51182,5.81378,10.2114,9.52589,10.8088,11.6255,11.7144,9.9145,6.74778,916.642,900.848,6.56251,8.75964,8.0287,6.10636,14.9727,540.358,94275.3,249971,56604.9,3106.62,0.8125
789.23,782.072,6.48055,6.06804,6.59503,3.49144,3.32886,5.64577,10.0847,9.34427,10.6958,11.5536,11.6912,9.91568,6.75205,908.912,893.956,6.39206,8.56892,7.8201,5.93313,14.8865,533.748,94261.7,249956,56602.5,3106.69,0.822917
790.065,783.089,6.31317,5.89775,6.4377,3.31048,3.14576,5.48114,9.9609,9.16621,10.5844,11.4803,11.6672,9.91673,6.75631,901.252,886.989,6.22463,8.38016,7.61929,5.76348,14.7997,527.803,94248,249942,56599.9,3106.75,0.833333
790.931,784.089,6.15459,5.73772,6.28495,3.1369,2.9707,5.32267,9.83972,8.99195,10.4745,11.4058,11.6423,9.91764,6.76057,892.742,878.847,6.06574,8.19383,7.42587,5.60213,14.7121,522.454,94234.1,249928,56597.4,3106.82,0.84375
791.818,785.072,6.00658,5.5911,6.1371,2.97383,2.80704,5.17124,9.72122,8.82186,10.3662,11.3305,11.6166,9.91841,6.76482,883.059,869.201,5.91693,8.01061,7.23974,5.44995,14.6239,517.641,94220.2,249913,56594.7,3106.88,0.854167
792.708,786.056,5.8591,5.44459,5.98985,2.81029,2.64288,5.02036,9.60475,8.65569,10.2593,11.2546,11.59,9.91903,6.76906,873.402,859.608,5.76866,7.83048,7.06001,5.29832,14.5351,513.313,94206.2,249899,56592.1,3106.95,0.864583
793.659,787.096,5.71187,5.29708,5.84318,2.64556,2.47755,4.86928,9.48984,8.49307,10.1538,11.1781,11.5627,9.91951,6.77329,863.808,850.039,5.62079,7.6532,6.88573,5.14744,14.4457,509.428,94192.2,249884,56589.4,3107.01,0.875
794.589,788.065,5.59187,5.18165,5.72045,2.5526,2.38752,4.75115,9.37832,8.33514,10.0497,11.1013,11.5345,9.91984,6.77751,855.341,841.636,5.50136,7.48001,6.71846,5.0307,14.3559,505.942,94178.1,249870,56586.7,3107.07,0.885417
795.449,788.899,5.51395,5.11324,5.63585,2.55843,2.40078,4.6856,9.27329,8.1847,9.94804,11.0243,11.5055,9.92001,6.78172,848.738,835.06,5.42579,7.31369,6.5624,4.966,14.2659,502.817,94164,249855,56584,3107.13,0.895833
796.288,789.729,5.44735,5.0543,5.56325,2.57414,2.42373,4.6368,9.1747,8.04301,9.84983,10.9474,11.4758,9.92003,6.78592,842.889,829.125,5.36173,7.15557,6.41917,4.91355,14.1761,500.02,94149.8,249840,56581.3,3107.19,0.90625
797.135,790.573,5.38688,5.00072,5.49722,2.59646,2.45323,4.5962,9.08138,7.90988,9.75542,10.8709,11.4454,9.91988,6.79012,837.447,823.579,5.30397,7.00565,6.28793,4.86792,14.0865,497.52,94135.6,249826,56578.6,3107.24,0.916667
798.534,792.099,5.30857,4.92407,5.41711,2.56765,2.42893,4.53469,8.99088,7.78363,9.66444,10.7949,11.4142,9.91957,6.7943,831.599,817.595,5.22763,6.86245,6.16567,4.79979,13.997,495.293,94121.5,249811,56575.9,3107.3,0.927083
800.986,794.837,5.20179,4.81341,5.31288,2.47148,2.33419,4.43786,8.90023,7.66143,9.57577,10.7197,11.3824,9.9191,6.79847,824.851,810.73,5.12187,6.72336,6.04772,4.69724,13.9075,493.318,94107.3,249797,56573.3,3107.36,0.9375
804.275,798.422,5.08884,4.69703,5.20282,2.37168,2.236,4.33179,8.8089,7.54152,9.48822,10.6452,11.35,9.91845,6.80264,817.83,803.678,5.01001,6.58679,5.93133,4.58877,13.8178,491.573,94093.2,249782,56570.6,3107.41,0.947917
808.543,803.064,4.97343,4.57783,5.09077,2.27071,2.13669,4.22303,8.71732,7.4233,9.40121,10.5714,11.317,9.91764,6.80679,810.782,796.626,4.89579,6.4522,5.81575,4.47825,13.7279,490.039,94079,249768,56567.9,3107.47,0.958333
812.4,806.929,4.9233,4.53705,5.03842,2.34535,2.22046,4.19323,8.63064,7.30979,9.31525,10.4983,11.2834,9.91666,6.81093,807.65,794.039,4.85006,6.32252,5.70592,4.45105,13.6381,488.696,94064.9,249753,56565.3,3107.52,0.96875
814.178,808.224,4.97065,4.60637,5.0776,2.63839,2.53045,4.28585,8.55686,7.20797,9.23299,10.4258,11.2494,9.9155,6.81506,810.421,797.716,4.90554,6.20451,5.61292,4.54265,13.5493,487.524,94050.8,249739,56562.6,3107.57,0.979167
814.596,808.277,5.05381,4.70742,5.15403,2.96903,2.87768,4.42996,8.49749,7.12215,9.15761,10.3545,11.2148,9.91416,6.81918,815.559,803.395,4.99744,6.10253,5.54305,4.67363,13.4619,486.503,94036.8,249724,56560,3107.62,0.989583
814.28,807.695,5.15084,4.81962,5.24609,3.3217,3.24715,4.59705,8.45009,7.05267,9.0904,10.2847,11.1798,9.91265,6.82329,821.528,809.758,5.10398,6.01716,5.49575,4.82369,13.3764,485.616,94022.8,249710,56557.4,3107.68,1
