0.00595217,0.0205068,0.83586,0.00877591,0.00131505,0.990308
0.00594667,0.0206236,0.992171,0.0173322,0.00141311,0.324505
0.00593873,0.0207701,0.991765,0.022528,0.00141381,0.314514
0.00592929,0.0209564,0.991385,0.0277903,0.00141242,0.307861
0.00591866,0.0211976,0.99108,0.0342161,0.00141234,0.307896
0.00590761,0.0215182,0.99107,0.0505134,0.0014132,0.309079
0.00589793,0.0219559,0.99208,0.144741,0.00141414,0.310008
0.00588909,0.0225216,0.992379,0.221131,0.00141448,0.315419
0.00587952,0.0232539,0.992373,0.269263,0.00141587,0.321544
0.00586994,0.0240802,0.992317,0.31125,0.00141843,0.328538
0.00585735,0.0253025,0.992221,0.338395,0.0014224,0.336099
0.00584367,0.0268351,0.992156,0.358559,0.00142716,0.343334
0.0058291,0.028751,0.992128,0.373461,0.00143298,0.349071
0.00581104,0.031628,0.992174,0.364721,0.00144885,0.309992
0.00579249,0.0353437,0.992276,0.366717,0.00146368,0.273909
0.00577242,0.0406864,0.992405,0.369473,0.00147711,0.242364
0.00575102,0.0489243,0.992571,0.372754,0.00149136,0.210266
0.00572889,0.0622204,0.992817,0.384555,0.00151733,0.125551
0.00570787,0.0821022,0.993059,0.383568,0.00153119,0.0900386
0.00568085,0.126092,0.993371,0.361552,0.0015476,0.0695838
0.00565594,0.242838,0.99107,0.047013,0.00157123,0.0546413
0.00563428,0.443014,0.100158,0.00330676,0.00159674,0.0202485
0.00561437,0.605099,0.0602728,0.00257191,0.00163627,0.0128967
0.00559065,0.681208,0.0428971,0.00194992,0.00167327,0.0093515
0.00556457,0.756769,0.0325295,0.00152889,0.0016977,0.00719861
0.00553721,0.814368,0.0228567,0.00125658,0.00170267,0.00514561
0.00550767,0.841451,0.0175533,0.00106066,0.00170152,0.00402826
0.0054777,0.856742,0.014202,0.000924488,0.00169452,0.00332267
0.00545155,0.864617,0.0119591,0.00083076,0.00168201,0.00285013
0.00542533,0.867341,0.0105511,0.000776631,0.00166662,0.00255467
0.00538638,0.864425,0.00944272,0.00072919,0.00164321,0.00233152
0.00534396,0.857509,0.00866076,0.000701056,0.0016057,0.00217491
0.00529487,0.84328,0.00810542,0.00068251,0.00154483,0.00207871
0.00524404,0.818306,0.00754699,0.000667839,0.00145563,0.002002
0.00518737,0.766565,0.00736897,0.000661404,0.00134265,0.00206547
0.00513147,0.698152,0.00759935,0.00066971,0.00123,0.00227909
0.0050789,0.653647,0.00807297,0.000692978,0.00113628,0.0026003
0.00502714,0.652628,0.00847806,0.000741803,0.00106368,0.0028521
0.00498321,0.655471,0.00913922,0.000857195,0.00102448,0.00298529
0.00494875,0.571008,0.0112099,0.00126637,0.00100138,0.00299696
0.00494966,0.277022,0.0211094,0.0037341,0.000979167,0.00324933
0.0049959,0.296442,0.0369473,0.0727717,0.000960959,0.00366963
0.00503659,0.878485,0.0194034,0.133197,0.000962693,0.00328828
0.00505477,0.927803,0.0188187,0.158001,0.000956529,0.00330657
0.00507309,0.938933,0.0188319,0.220413,0.000951254,0.00332061
0.00508644,0.942392,0.018313,0.264533,0.000949296,0.00332331
0.00509698,0.938932,0.0184262,0.318908,0.000946982,0.00334443
0.00510807,0.925452,0.0182205,0.378711,0.00094552,0.00335004
0.00511577,0.914115,0.0181245,0.426194,0.000944161,0.00335542
0.00512351,0.90143,0.0181622,0.474506,0.000943448,0.00337488
0.00513085,0.861275,0.0181465,0.531714,0.000942892,0.00338913
0.00513788,0.731747,0.0179035,0.614442,0.000942453,0.00341129
0.00514285,0.546529,0.0172502,0.761935,0.00094237,0.0034348
0.00514366,0.42707,0.0168391,0.857518,0.000942288,0.00345826
0.00514265,0.354431,0.0166762,0.900288,0.000941963,0.00348338
0.00514083,0.323162,0.0166634,0.92141,0.000941548,0.00350796
0.00513898,0.315642,0.016654,0.921996,0.000942016,0.00351536
0.00513636,0.530552,0.0167161,0.834665,0.000944928,0.00345202
0.00513514,0.911321,0.0173368,0.469912,0.000946682,0.00340413
0.00514164,0.931109,0.0177786,0.374717,0.000948932,0.00337973
0.00515326,0.952816,0.0178354,0.272652,0.000951988,0.00340535
0.00516891,0.964631,0.0180556,0.17888,0.000958315,0.00350254
0.00518879,0.96909,0.0185967,0.115313,0.000965792,0.0036592
0.00521284,0.967276,0.0192383,0.0509537,0.000974523,0.00382079
0.00524628,0.955161,0.0209153,0.0109001,0.000981498,0.0041314
0.00528859,0.930438,0.0203153,0.00418648,0.000995365,0.00409133
0.00532562,0.882024,0.0198712,0.00205789,0.00100986,0.00417865
0.00535061,0.764787,0.0201047,0.001382,0.00102383,0.00440266
0.00536937,0.594964,0.0210201,0.00114796,0.00103412,0.004693
0.00538221,0.485766,0.0216211,0.00109267,0.00103941,0.00486103
0.00539313,0.38626,0.0225399,0.00110465,0.00104368,0.00507793
0.00540198,0.280394,0.0237762,0.00117098,0.0010467,0.00536018
0.00540945,0.184576,0.0258069,0.00129471,0.00104907,0.00581504
0.00541601,0.121944,0.0293828,0.00148215,0.00105105,0.0066196
0.00542202,0.0819913,0.0342861,0.00175232,0.00105241,0.00772735
0.00542782,0.0589354,0.0412944,0.00211317,0.0010534,0.00931773
0.00543367,0.045844,0.0502744,0.00258891,0.00105397,0.0113687
0.00543953,0.03725,0.0603245,0.00319374,0.00105418,0.0136761
0.00544496,0.0313208,0.0754469,0.00385325,0.00105481,0.0171275
0.0054501,0.0270679,0.101257,0.00456941,0.00105586,0.0229016
0.0054539,0.0242407,0.140308,0.00517634,0.00105706,0.0310172
0.00545515,0.0223279,0.207646,0.00555394,0.00105823,0.0394932
0.00545289,0.0210945,0.984512,0.0270307,0.00105992,0.0639059
0.00544972,0.0202325,0.987435,0.0340809,0.00105997,0.0907103
0.00544676,0.0197205,0.988885,0.054098,0.00105945,0.127167
0.00544318,0.0194155,0.989979,0.0882764,0.00105876,0.150862
0.00543797,0.0191881,0.990305,0.104596,0.00105665,0.188852
0.00543029,0.0190425,0.990372,0.109544,0.00105025,0.26558
0.00541905,0.0189706,0.990298,0.106254,0.00103959,0.333999
0.00540399,0.0189431,0.718238,0.0532896,0.00102745,0.988331
0.0053846,0.0189371,0.726862,0.0476574,0.00102449,0.987866
0.005361,0.0189303,0.734257,0.0547087,0.00102074,0.988161
0.00533375,0.0189229,0.739253,0.0698324,0.001014,0.988563
0.00530116,0.0189141,0.739502,0.109312,0.00100058,0.98895
0.00526804,0.0189045,0.73021,0.202702,0.000975521,0.988585
0.00523387,0.0188933,0.676991,0.367094,0.000897659,0.979564
