753.937,753.937,18.5,18.5,20.5,18.5,18.5,18.5,18.5,18.5,18.5,16.676,14.8519,13.0279,11.2038,1907.35,1907.35,18.5,18.5,18.5,18.5,20.5,1000,95283,251070,55338,3097.8,0
777.905,764.522,16.8206,13.5049,16.6955,11.8122,11.6949,15.1657,18.3111,18.4397,18.2319,16.7425,14.8734,13.0332,11.2064,1808.66,1434.35,16.6574,18.4381,18.371,15.6469,20.4707,790.405,95288.1,251070,55442.1,3097.98,0.0104167
791.817,771.796,15.8604,12.8737,15.7805,11.3861,11.2886,14.3047,17.9694,18.2557,17.9956,16.7803,14.8954,13.0385,11.2091,1692.77,1383.71,15.7176,18.2522,18.0181,14.778,20.4263,672.233,95279.7,251060,55498.9,3098.15,0.0208333
800.549,776.207,15.3011,12.5085,15.2253,11.1319,11.045,13.7945,17.6428,18.0186,17.7618,16.7939,14.9173,13.044,11.2117,1622.67,1354.46,15.1666,18.0201,17.6022,14.2584,20.3751,593.587,95265.5,251045,55535.3,3098.31,0.03125
806.215,778.945,14.9161,12.2606,14.842,10.9544,10.8742,13.4527,17.3512,17.7586,17.536,16.7869,14.9385,13.0496,11.2143,1578.08,1334.86,14.7879,17.7683,17.1798,13.9147,20.3196,535.561,95248.3,251028,55561,3098.47,0.0416667
809.931,780.669,14.6249,12.0745,14.5526,10.8177,10.742,13.2009,17.0926,17.492,17.3234,16.7628,14.9588,13.0552,11.217,1547.08,1320.32,14.5019,17.5095,16.775,13.6612,20.2613,489.923,95229.4,251009,55580.4,3098.62,0.0520833
812.324,781.534,14.3951,11.9475,14.3246,10.7371,10.6657,13.0148,16.8622,17.2277,17.1256,16.7251,14.9777,13.0609,11.2196,1524.34,1310.54,14.2773,17.2508,16.3976,13.4702,20.2009,452.471,95209.5,250990,55595.5,3098.77,0.0625
813.826,781.987,14.2038,11.8445,14.1352,10.6722,10.6042,12.8636,16.6554,16.9708,16.9426,16.6766,14.9951,13.0667,11.2223,1506.59,1302.65,14.0904,16.9965,16.0511,13.3127,20.139,420.802,95188.9,250970,55607.6,3098.92,0.0729167
814.728,782.156,14.0383,11.757,13.9715,10.617,10.552,12.735,16.4681,16.7241,16.7731,16.6199,15.0107,13.0725,11.2249,1491.92,1295.91,13.9288,16.7487,15.7352,13.1771,20.0759,393.424,95167.9,250949,55617.5,3099.07,0.0833333
815.228,782.142,13.8914,11.6804,13.8263,10.5688,10.5064,12.6221,16.2971,16.4888,16.6158,16.5572,15.0245,13.0783,11.2276,1479.31,1289.95,13.7854,16.5089,15.4478,13.0571,20.0119,369.35,95146.5,250929,55625.7,3099.21,0.09375
815.454,781.941,13.7631,11.6263,13.6997,10.5438,10.484,12.5297,16.1402,16.2655,16.4692,16.49,15.0365,13.0842,11.2302,1468.71,1285.98,13.6607,16.2779,15.1868,12.9571,19.9471,347.895,95124.9,250908,55632.6,3099.36,0.104167
815.508,781.68,13.6487,11.5799,13.5869,10.5232,10.4657,12.4487,15.9955,16.0547,16.3321,16.4198,15.0465,13.0901,11.2329,1459.52,1282.52,13.5496,16.0564,14.9502,12.8685,19.8818,328.565,95103.1,250887,55638.4,3099.5,0.114583
815.47,781.383,13.5452,11.5396,13.4848,10.5062,10.4508,12.3764,15.8612,15.8561,16.2035,16.3477,15.0547,13.0961,11.2355,1451.36,1279.42,13.4491,15.8446,14.7356,12.7889,19.816,310.992,95081.3,250866,55643.4,3099.64,0.125
815.399,781.1,13.4502,11.5029,13.3911,10.4903,10.4369,12.3103,15.7361,15.6693,16.0823,16.2744,15.061,13.102,11.2382,1443.97,1276.5,13.3569,15.6425,14.5406,12.7158,19.7499,294.896,95059.4,250845,55647.5,3099.78,0.135417
815.431,781.339,13.3536,11.4335,13.2961,10.4296,10.3768,12.2289,15.6185,15.4933,15.9678,16.2007,15.0655,13.1079,11.2409,1436.33,1271.34,13.2617,15.4495,14.3623,12.6296,19.6835,280.069,95037.5,250823,55651.1,3099.92,0.145833
815.607,781.531,13.2582,11.3643,13.2023,10.3693,10.3171,12.1476,15.5068,15.3268,15.8589,16.1271,15.0682,13.1138,11.2435,1428.57,1266.01,13.1677,15.2649,14.1977,12.5442,19.6168,266.338,95015.6,250802,55654.1,3100.06,0.15625
815.996,781.881,13.1651,11.2974,13.1108,10.3101,10.2585,12.0679,15.4003,15.1689,15.755,16.0539,15.0693,13.1196,11.2462,1420.88,1260.88,13.0759,15.0881,14.0449,12.461,19.5499,253.565,94993.8,250781,55656.6,3100.19,0.166667
816.939,783.382,13.0779,11.2381,13.0252,10.2604,10.2092,11.9949,15.2986,15.0192,15.6553,15.9814,15.0687,13.1254,11.2489,1413.77,1257.73,12.99,14.9187,13.9024,12.3841,19.4827,241.637,94972,250760,55658.7,3100.33,0.177083
811.934,806.271,12.5717,11.9964,12.5854,10.6456,10.574,11.9879,15.1805,14.8569,15.5567,15.9097,15.0666,13.1312,11.2516,1381.05,1336.59,12.5391,14.7313,13.7268,12.3998,19.4129,234.22,94950.2,250738,55660.4,3100.46,0.1875
809.727,807.462,12.2954,12.0612,12.2936,10.7019,10.6271,11.8715,15.0479,14.6795,15.4519,15.8384,15.063,13.1369,11.2542,1359.24,1341.34,12.243,14.5306,13.5242,12.1286,19.3402,230.374,94928.6,250717,55661.8,3100.59,0.197917
809.92,808.14,12.1482,11.9788,12.1342,10.6708,10.5971,11.7881,14.9238,14.502,15.3439,15.7669,15.0579,13.1425,11.2569,1348.18,1335.07,12.08,14.3309,13.3232,11.931,19.2661,230.148,94907.1,250696,55663.1,3100.72,0.208333
817.337,815.404,12.0677,11.9185,12.0531,10.6499,10.5775,11.7549,14.8141,14.3329,15.2382,15.6952,15.0515,13.1481,11.2596,1342.68,1330.94,11.9921,14.1393,13.1379,11.8091,19.1918,234.069,94885.8,250675,55664.3,3100.84,0.21875
872.99,869.014,12.1655,12.022,12.1848,10.8022,10.7331,11.7535,14.7455,14.1848,15.1433,15.6237,15.0438,13.1536,11.2623,1352.38,1340.77,12.0913,13.9661,12.9903,11.7928,19.1188,254.357,94864.8,250655,55665.8,3100.97,0.229167
1071.5,1060.56,12.3442,12.1998,12.4004,10.9933,10.9249,11.7668,14.7132,14.0667,15.0672,15.5538,15.0347,13.159,11.265,1368.26,1356.34,12.2708,13.8203,12.8929,11.8175,19.0484,291.308,94844.2,250634,55668.3,3101.1,0.239583
1280.12,1263.36,12.5638,12.4163,12.6568,11.2051,11.1362,11.7889,14.711,13.9803,15.0121,15.4868,15.0245,13.1643,11.2677,1387.21,1374.83,12.4902,13.7044,12.8449,11.8649,18.9812,345.396,94824.3,250615,55672.6,3101.23,0.25
1505.8,1482.93,12.8191,12.6665,12.9517,11.4334,11.3627,11.8178,14.7366,13.925,14.9782,15.4242,15.0132,13.1695,11.2704,1408.68,1395.73,12.7444,13.619,12.8422,11.9292,18.9177,416.345,94805.4,250595,55679.9,3101.36,0.260417
1770.13,1740.85,13.202,13.0366,13.4062,11.6982,11.6195,11.8504,14.8121,13.9053,14.9696,15.3673,15.001,13.1746,11.2731,1438.99,1424.96,13.1211,13.5695,12.8914,12.0056,18.8589,515.731,94788.4,250578,55693.3,3101.5,0.270833
1991.7,1958.32,13.6378,13.4582,13.9093,12,11.9119,11.8876,14.928,13.9227,14.9901,15.3177,14.9881,13.1795,11.2758,1474.54,1459.26,13.5494,13.5597,13.0015,12.0969,18.8058,632.554,94774.9,250563,55718.2,3101.65,0.28125
2160.27,2124.45,14.1009,13.9067,14.4329,12.3237,12.2252,11.9291,15.0771,13.9727,15.0393,15.277,14.9746,13.1844,11.2785,1514.33,1497.6,14.0041,13.5896,13.1718,12.2021,18.7586,750.873,94767.2,250553,55762.8,3101.79,0.291667
2285.77,2248.56,14.5756,14.3668,14.9656,12.6559,12.5461,11.9746,15.2529,14.0531,15.1147,15.2464,14.9609,13.1892,11.2812,1556.91,1538.6,14.47,13.6573,13.3973,12.3202,18.7173,855.821,94767.3,250548,55833.9,3101.95,0.302083
2379.32,2341.45,15.0194,14.7971,15.4563,12.9458,12.8229,12.024,15.443,14.1647,15.212,15.2266,14.9471,13.1938,11.2839,1598.14,1578.24,14.9039,13.7584,13.6667,12.4503,18.6816,939.04,94775.4,250550,55932.9,3102.11,0.3125
2446.85,2408.81,15.4603,15.2249,15.9429,13.2387,13.1032,12.0767,15.6467,14.3055,15.3271,15.218,14.9334,13.1984,11.2866,1639.38,1617.95,15.3352,13.8888,13.9709,12.5905,18.6513,1006.29,94790.6,250558,56056.5,3102.27,0.322917
2493.37,2455.57,15.9083,15.6599,16.4332,13.5399,13.3915,12.1327,15.8625,14.4742,15.4574,15.2205,14.9203,13.2028,11.2894,1681.62,1658.68,15.7734,14.0461,14.3047,12.7411,18.6265,1064.17,94811.9,250570,56201.1,3102.44,0.333333
2522.43,2484.98,16.4139,16.1549,16.9812,13.9416,13.7844,12.1933,16.0962,14.6723,15.6023,15.2339,14.9078,13.2071,11.2921,1730.41,1706.1,16.2719,14.2314,14.67,12.9056,18.6073,1119.28,94838.4,250587,56364.3,3102.62,0.34375
2533.12,2495.33,17.2614,17.0049,17.8782,14.9398,14.7994,12.2626,16.3865,14.9194,15.7692,15.2585,14.8962,13.2114,11.2948,1816.59,1791.9,17.128,14.4612,15.1037,13.0998,18.5962,1185.04,94870.2,250607,56546,3102.8,0.354167
2525.72,2488.23,18.231,17.9733,18.8936,16.0173,15.8889,12.3464,16.734,15.2326,15.9685,15.2951,14.8858,13.2155,11.2975,1924,1898.15,18.1027,14.7502,15.6328,13.3452,18.5952,1259.44,94907.3,250632,56746.9,3102.99,0.364583
2497.59,2460.94,19.2543,18.994,19.9622,17.1359,17.0182,12.4505,17.1324,15.616,16.2047,15.3454,14.8767,13.2196,11.3002,2044.82,2017.53,19.1304,15.1004,16.2576,13.6621,18.6051,1343.85,94949.6,250661,56965.6,3103.19,0.375
2442.28,2407.28,20.3662,20.0995,21.1368,18.3011,18.1912,12.5826,17.5919,16.0732,16.4812,15.4108,14.8693,13.2235,11.3029,2181.42,2152.32,20.2447,15.513,16.9794,14.0787,18.6266,1449.67,94996.4,250694,57200.7,3103.41,0.385417
2381.35,2348.61,21.8587,21.5699,22.7866,19.6714,19.5576,12.7514,18.1918,16.6321,16.8163,15.4938,14.8638,13.2275,11.3056,2361.77,2329.78,21.7313,16.0057,17.8476,14.6207,18.6637,1626.92,95047.5,250730,57451.3,3103.64,0.395833
2338.11,2307.17,23.4772,23.1614,24.5659,21.0986,20.976,12.9753,18.9055,17.3103,17.2268,15.5979,14.8607,13.2313,11.3084,2567.91,2532.67,23.3391,16.5909,18.8818,15.3085,18.7182,1879.88,95101.8,250769,57713.3,3103.89,0.40625
2298.41,2269.3,25.1873,24.8385,26.4693,22.5362,22.4032,13.3022,19.7198,18.1116,17.7153,15.7272,14.8604,13.2352,11.3111,2783.63,2745.92,25.0347,17.2697,20.0784,16.136,18.7916,2219.17,95157.6,250809,57979.6,3104.16,0.416667
2192.89,2167.03,27.0681,26.6706,28.6697,23.9899,23.8424,14.2328,20.6404,19.0433,18.2829,15.8855,14.8634,13.239,11.3138,2968.01,2929.83,26.8973,18.0447,21.4466,17.186,18.8857,2652.14,95213.9,250849,58243,3104.45,0.427083
1732.61,1701.82,27.3513,26.7913,29.3386,24.6592,24.5305,17.118,21.559,20.0003,18.9186,16.0756,14.8703,13.2428,11.3165,2838.98,2777.96,27.2492,18.8361,22.7937,18.2544,18.9941,3161.78,95270.4,250890,58498.9,3104.75,0.4375
1441.64,1406.6,26.6369,25.952,28.9917,24.9093,24.8222,18.0822,22.3407,20.8172,19.5643,16.2972,14.8816,13.2466,11.3192,2577.56,2498.51,26.6642,19.5276,23.8252,19.0765,19.1008,3707.64,95327,250931,58756.9,3105.06,0.447917
1260.39,1229.13,26.4837,25.731,29.1193,25.4573,25.3951,18.7181,23.0706,21.517,20.1862,16.5453,14.898,13.2505,11.322,2442.27,2356.65,26.5998,20.1298,24.619,19.7251,19.2056,4283.97,95383.7,250972,59017.3,3105.36,0.458333
1120.63,1091.96,25.9276,25.0808,28.9855,25.9111,25.8782,19.1726,23.7481,22.1131,20.7848,16.8147,14.9197,13.2545,11.3247,2272.74,2179.74,26.1734,20.6414,25.2287,20.243,19.3086,4876.62,95440.5,251014,59279.7,3105.67,0.46875
1059.15,1032.44,25.7662,24.8823,29.0036,26.3125,26.303,19.5339,24.3453,22.631,21.3483,17.1004,14.947,13.2586,11.3274,2192.15,2096.5,26.0797,21.085,25.7087,20.7034,19.4095,5463.3,95497.4,251055,59544.5,3105.97,0.479167
1006.77,980.955,25.3676,24.4309,28.8753,26.5939,26.6152,19.8544,24.8926,23.08,21.8768,17.3975,14.98,13.2628,11.3301,2084.05,1984.91,25.7679,21.4613,26.093,21.116,19.5085,6052.44,95554.2,251097,59811.4,3106.27,0.489583
970.086,945.14,25.1101,24.1314,28.8582,26.9146,26.9642,20.144,25.413,23.4746,22.3748,17.7018,15.0188,13.2673,11.3328,2004.08,1902.42,25.5849,21.7796,26.3891,21.4884,19.6059,6647.11,95611,251139,60080.1,3106.57,0.5
940.063,915.846,24.8375,23.8176,28.8118,27.1818,27.2594,20.4088,25.8952,23.8259,22.8471,18.0104,15.0632,13.2719,11.3356,1930.11,1826.38,25.3822,22.0468,26.6078,21.8266,19.7018,7245.04,95667.8,251182,60350.6,3106.87,0.510417
922.225,898.488,24.6784,23.6351,28.7672,27.3957,27.4939,20.6519,26.3162,24.144,23.2882,18.3205,15.1132,13.2767,11.3383,1884.94,1780.23,25.2683,22.275,26.7645,22.1362,19.7959,7836.75,95724.4,251224,60622.8,3107.17,0.520833
904.443,881.485,24.5423,23.4765,28.7414,27.6176,27.7362,20.8793,26.6982,24.4377,23.6974,18.6294,15.1686,13.2819,11.341,1845.99,1740.2,25.1755,22.4714,26.8771,22.4229,19.8887,8423.97,95781,251266,60896.5,3107.47,0.53125
874.136,853.797,24.3171,23.2249,28.6503,27.7936,27.9354,21.0887,27.0412,24.71,24.0765,18.9348,15.2291,13.2873,11.3437,1797.97,1691.3,24.9993,22.633,26.9432,22.6864,19.9799,8999.99,95837.4,251309,61172,3107.77,0.541667
817.287,804.089,23.8107,22.6803,28.3511,27.8173,27.9903,21.2661,27.321,24.939,24.4218,19.2347,15.2945,13.2931,11.3465,1722.93,1616.52,24.5594,22.7413,26.9294,22.9175,20.0674,9544.36,95893.7,251352,61450.3,3108.07,0.552083
745.94,745.07,22.9305,21.7471,27.7832,27.6249,27.8392,21.3993,27.5016,25.0902,24.7203,19.5265,15.3644,13.2992,11.3492,1625.52,1521.72,23.7679,22.7687,26.7856,23.1015,20.1487,10032.5,95949.8,251395,61732.5,3108.36,0.5625
713.321,719.81,22.6074,21.4003,27.6029,27.7055,27.9454,21.5204,27.6638,25.1968,24.9738,19.8074,15.4385,13.3056,11.3519,1596.62,1493.94,23.4929,22.7581,26.6037,23.2597,20.2263,10484.3,96005.6,251438,62017,3108.65,0.572917
711.959,718.799,22.6602,21.4485,27.6801,27.9756,28.2302,21.6413,27.8458,25.2976,25.2036,20.0759,15.5164,13.3125,11.3547,1607.42,1504.53,23.5672,22.7482,26.4619,23.4136,20.3034,10927.4,96061.1,251481,62302.3,3108.93,0.583333
725.223,729.065,22.5629,21.3479,27.593,27.9363,28.1945,21.7578,27.9946,25.385,25.4161,20.3322,15.5976,13.3197,11.3574,1609,1507.19,23.4771,22.733,26.3352,23.552,20.3789,11367.2,96116.4,251524,62588.9,3109.22,0.59375
851.083,830.949,23.3968,22.2537,27.9711,27.7597,27.9544,21.8826,28.1441,25.5116,25.6105,20.5764,15.6819,13.3274,11.3602,1722.36,1621.07,24.1863,22.7776,26.3196,23.6983,20.4561,11845.6,96171.3,251568,62875.3,3109.51,0.604167
916.67,892.538,24.5639,23.5109,28.5927,27.7135,27.8365,22.0382,28.3285,25.6999,25.802,20.8092,15.7687,13.3355,11.3629,1898.23,1797.28,25.2021,22.9098,26.4522,23.8708,20.5378,12336,96225.9,251611,63159.9,3109.81,0.614583
949.408,924.276,24.8634,23.8485,28.6442,27.2455,27.3242,22.2066,28.4629,25.8992,25.9886,21.0323,15.8579,13.3441,11.3657,1980.07,1881.08,25.4165,23.0717,26.6181,24.0431,20.6209,12809.1,96280,251655,63444.2,3110.1,0.625
994.031,967.974,25.1625,24.2081,28.5828,26.6321,26.6624,22.368,28.5115,26.0859,26.1453,21.2453,15.9491,13.3531,11.3685,2072.54,1977.87,25.6078,23.2452,26.766,24.2004,20.7025,13239.5,96333.8,251698,63729.7,3110.4,0.635417
1094.3,1067.6,25.9025,25.0786,28.6258,25.8347,25.797,22.5316,28.4493,26.266,26.2499,21.446,16.042,13.3625,11.3713,2266.57,2181.42,26.1554,23.456,26.9151,24.3513,20.7824,13591.6,96387.2,251742,64016.8,3110.7,0.645833
1219.29,1191.94,26.3614,25.6514,28.5066,24.754,24.6663,22.6932,28.3074,26.4308,26.2973,21.6314,16.1362,13.3725,11.374,2440.72,2365.68,26.4346,23.6935,27.0582,24.4911,20.8606,13860.2,96440,251786,64305.2,3110.99,0.65625
1439.11,1415.42,27.173,26.6007,28.7702,24.0057,23.8451,22.8735,28.1259,26.5864,26.2913,21.7986,16.2313,13.3829,11.3768,2726.05,2670.83,27.0636,23.967,27.2176,24.6359,20.9387,14039.9,96492.4,251829,64593.8,3111.29,0.666667
1689.01,1668.8,27.4088,26.9239,28.607,23.483,23.2595,23.1267,27.9207,26.7321,26.2483,21.9461,16.3268,13.3937,11.3796,2970.42,2925.85,27.2009,24.2552,27.3755,24.7911,21.017,14141.2,96544.2,251873,64882.8,3111.59,0.677083
1866.76,1844.59,27.089,26.6346,28.0848,23.2842,23.0284,23.3185,27.7062,26.8355,26.1771,22.0737,16.4224,13.405,11.3825,3027.53,2977.71,26.8759,24.5082,27.4639,24.9149,21.0909,14195.4,96595.5,251917,65174.6,3111.88,0.6875
1932.43,1909.53,26.4024,25.967,27.2379,22.7184,22.4528,23.4368,27.4357,26.8786,26.0752,22.1815,16.5175,13.4168,11.3853,2973.69,2922.01,26.191,24.6943,27.4312,24.982,21.1571,14187.7,96646.1,251961,65470.2,3112.16,0.697917
1887.31,1865.61,25.5237,25.1073,26.2113,21.9659,21.7015,23.4989,27.0962,26.8402,25.9326,22.269,16.6118,13.429,11.3881,2868.51,2817.25,25.3166,24.7962,27.2456,24.9786,21.2129,14109.2,96696.1,252005,65769.2,3112.44,0.708333
1815.04,1794.63,24.6905,24.2901,25.2737,21.2403,20.9838,23.5213,26.7228,26.7174,25.7489,22.3351,16.7047,13.4417,11.391,2753.29,2703.88,24.4886,24.8166,26.9267,24.9063,21.2584,13973.1,96745.3,252049,66070.3,3112.71,0.71875
1762.33,1742.66,24.09,23.7006,24.6288,20.7262,20.4808,23.5182,26.3725,26.5329,25.5398,22.3795,16.7958,13.4548,11.3939,2662.6,2615.39,23.894,24.7759,26.5345,24.7804,21.296,13809,96793.8,252093,66372.6,3112.97,0.729167
1705.4,1686.72,23.5529,23.1731,24.0457,20.2595,20.0223,23.496,26.0356,26.3056,25.3201,22.4035,16.8848,13.4683,11.3967,2585.44,2539.92,23.3611,24.6903,26.1054,24.6077,21.3268,13617.6,96841.5,252137,66675.6,3113.22,0.739583
1627.28,1610.12,23.0375,22.6668,23.484,19.8098,19.5795,23.4558,25.7043,26.0445,25.095,22.4091,16.9712,13.4822,11.3996,2514.24,2470.21,22.8494,24.567,25.6541,24.3898,21.3514,13398.7,96888.4,252181,66979.2,3113.47,0.75
1499.83,1485.35,22.4563,22.0943,22.8454,19.283,19.0576,23.3913,25.3598,25.7504,24.8631,22.398,17.0548,13.4965,11.4025,2437.23,2394.54,22.2709,24.4066,25.1773,24.1153,21.3694,13143.8,96934.5,252225,67283.1,3113.71,0.760417
1336.61,1325.47,21.7337,21.3799,22.0496,18.5998,18.3775,23.2882,24.9783,25.4149,24.6165,22.3713,17.1353,13.5111,11.4055,2342.87,2301.68,21.55,24.2028,24.657,23.7509,21.3796,12840,96979.7,252269,67587.3,3113.94,0.770833
1185.77,1177.51,20.9559,20.6115,21.1993,17.8711,17.6548,23.1303,24.5629,25.0334,24.3483,22.3293,17.2124,13.5261,11.4084,2240.65,2201.47,20.7749,23.9516,24.0851,23.2656,21.3811,12487.1,97024,252313,67891.7,3114.16,0.78125
1064.27,1058.26,20.1471,19.8128,20.3168,17.1175,16.9088,22.8984,24.118,24.6063,24.0561,22.2718,17.286,13.5414,11.4114,2136.01,2099.12,19.9694,23.6537,23.4639,22.6284,21.3736,12086.9,97067.4,252357,68196.1,3114.38,0.791667
981.668,977.121,19.3801,19.0571,19.4847,16.4207,16.2215,22.5788,23.659,24.1407,23.742,22.1987,17.3558,13.5569,11.4143,2039.19,2004.73,19.2068,23.3141,22.8069,21.8369,21.3574,11647.4,97109.9,252401,68500.4,3114.59,0.802083
927.414,923.842,18.7139,18.403,18.7692,15.8381,15.6493,22.1733,23.2058,23.6502,23.4131,22.1102,17.4215,13.5728,11.4173,1958,1925.88,18.5462,22.943,22.1377,20.942,21.3336,11179.6,97151.4,252445,68804.4,3114.78,0.8125
893.82,890.835,18.079,17.7793,18.085,15.2776,15.0974,21.6625,22.7562,23.1446,23.076,22.0072,17.483,13.5888,11.4203,1884.06,1854,17.9162,22.5481,21.4702,19.9572,21.3028,10685.1,97191.9,252489,69108.2,3114.98,0.822917
875.078,872.392,17.4542,17.1653,17.4104,14.7225,14.5503,20.9985,22.307,22.6281,22.7331,21.8907,17.5402,13.6051,11.4234,1813.65,1785.51,17.2965,22.1332,20.8075,18.8785,21.2653,10164.9,97231.4,252533,69411.5,3115.16,0.833333
865.63,863.057,16.8863,16.6075,16.8051,14.2317,14.0682,20.1802,21.8684,22.1069,22.3873,21.762,17.5928,13.6216,11.4264,1750.86,1724.47,16.7347,21.7031,20.1575,17.7875,21.2217,9625.51,97269.8,252577,69714.1,3115.34,0.84375
860.954,858.399,16.4159,16.1463,16.3155,13.8475,13.6934,19.2675,21.4546,21.5915,22.0444,21.6224,17.6407,13.6382,11.4295,1699.97,1675.06,16.2711,21.2663,19.5347,16.8442,21.173,9075.6,97307.3,252621,70015.8,3115.51,0.854167
859.903,857.107,16.0334,15.7516,15.9222,13.506,13.3593,16.8152,21.0686,21.0944,21.7107,21.4736,17.684,13.655,11.4325,1659.13,1633.59,15.9119,20.8324,18.9548,16.0922,21.1206,8514.52,97343.6,252665,70316.6,3115.68,0.864583
865.9,841.119,16.0583,14.2172,15.9365,12.4833,12.3848,14.8201,20.74,20.6466,21.3946,21.3177,17.7225,13.6718,11.4356,1669.87,1493.89,15.9728,20.427,18.4643,15.842,21.0675,7939.39,97378.9,252709,70616.8,3115.84,0.875
870.479,844.667,15.8253,14.0125,15.7122,12.2782,12.1801,14.6003,20.4331,20.2316,21.1006,21.1574,17.7563,13.6887,11.4387,1645.81,1474.25,15.7415,20.0411,18.0332,15.5729,21.0132,7359.18,97413.2,252752,70916.1,3116.01,0.885417
872.079,859.247,15.3907,14.394,15.3386,12.3945,12.2845,14.4837,20.1232,19.8251,20.8203,20.9944,17.7855,13.7057,11.4419,1579.6,1495.53,15.3375,19.6558,17.6205,14.9783,20.9563,6774.39,97446.3,252796,71214.2,3116.17,0.895833
886.818,815.801,15.8241,12.9846,15.693,11.6323,11.5597,14.1372,19.8795,19.475,20.5564,20.8301,17.8102,13.7227,11.445,1580.94,1281.83,15.6847,19.3176,17.3057,14.7461,20.9011,6186.4,97478.4,252840,71511.9,3116.33,0.90625
896.218,819.352,15.7322,12.8446,15.5937,11.4731,11.3991,14.0255,19.6619,19.1685,20.3194,20.6665,17.8305,13.7396,11.4482,1573.82,1268.89,15.5894,19.0137,17.0517,14.6322,20.8467,5599.47,97509.3,252884,71809.1,3116.5,0.916667
903.266,823.025,15.5732,12.6975,15.4379,11.3224,11.2484,13.8728,19.4482,18.8825,20.0998,20.5053,17.8467,13.7566,11.4514,1562.2,1259.79,15.431,18.7244,16.8183,14.4769,20.7915,5014.07,97539.2,252927,72105.3,3116.66,0.927083
908.625,825.913,15.4074,12.5615,15.2755,11.1961,11.1229,13.7234,19.2411,18.6116,19.8914,20.347,17.8589,13.7734,11.4546,1549.01,1250.68,15.2669,18.4458,16.5973,14.3225,20.7352,4430.39,97568,252971,72400.6,3116.82,0.9375
912.701,828.146,15.2419,12.4254,15.1129,11.0696,10.9971,13.5741,19.0412,18.3538,19.6919,20.1922,17.8673,13.7902,11.4578,1535.1,1241.07,15.1031,18.1769,16.3862,14.1684,20.6777,3848.57,97595.7,253014,72694.7,3116.98,0.947917
915.78,829.853,15.0782,12.2902,14.9516,10.9434,10.8717,13.4259,18.8481,18.1075,19.4999,20.0407,17.8721,13.807,11.461,1520.88,1231.17,14.9409,17.9171,16.1834,14.0156,20.6192,3268.72,97622.4,253058,72987.6,3117.13,0.958333
918.049,831.041,14.919,12.1655,14.794,10.831,10.7602,13.2858,18.6616,17.8717,19.3145,19.8927,17.8736,13.8235,11.4643,1506.3,1219.55,14.7836,17.6656,15.988,13.8696,20.5596,2691.01,97647.9,253101,73279.2,3117.29,0.96875
919.556,831.588,14.7645,12.0525,14.64,10.7338,10.664,13.1545,18.4815,17.6457,19.1354,19.7482,17.8719,13.84,11.4676,1491.17,1205.58,14.6312,17.4224,15.7993,13.7309,20.4991,2116.2,97672.4,253144,73569.2,3117.44,0.979167
919.53,830.56,14.6073,11.9393,14.483,10.6366,10.5679,13.0228,18.3068,17.4283,18.9619,19.6069,17.8672,13.8563,11.4709,1474.81,1188.17,14.4763,17.1866,15.6163,13.5904,20.4375,1554.79,97694.1,253186,73852,3117.59,0.989583
910.095,817.47,14.4014,11.8007,14.2778,10.53,10.4628,12.864,18.1331,17.2159,18.793,19.469,17.8597,13.8725,11.4742,1447.31,1139.82,14.2745,16.9551,15.4334,13.4119,20.3747,1095.79,97700,253216,74081.9,3117.74,1
